<?xml version="1.0" encoding="utf-8"?>
<odoo>
    <data noupdate="1">
        <record id="product_template_cancel" model="ir.cron">
            <field name="name">Auto Cancel Hold Product</field>
            <field name="interval_number">1</field>
            <field name="interval_type">minutes</field>
            <field name="numbercall">-1</field>
            <field name="doall" eval="False"/>
            <field name="model">product.template</field>
            <field name="function">_auto_cancel_hold_product</field>
            <field name="args">()</field>
        </record>
    </data>
</odoo>
